{"eval_perplexity": 0, "_timestamp": 1717269849.7474535, "_runtime": 507.35075640678406, "_step": 1003, "trainable_params_count": 1191.374592, "total_param_count": 4543.672064, "train/loss": 0.1506, "train/learning_rate": 0.0, "train/epoch": 4.98, "train/global_step": 1000, "train/train_runtime": 285.4141, "train/train_samples_per_second": 28.029, "train/train_steps_per_second": 3.504, "train/total_flos": 1.4296877158560768e+16, "train/train_loss": 0.3790680787563324, "final_accuracy": 67.28971962616822, "_wandb": {"runtime": 506}}