{"eval_perplexity": 856.1908569335938, "_timestamp": 1717268709.284126, "rank_reduction": 48.37897164481027, "trainable_params_count": 1191.374592, "total_param_count": 4543.672064, "_runtime": 1117.0932590961456, "_step": 398, "loss": 2.435248613357544, "lr": 3.9800000000000005e-05, "update_step": 398, "tokens_seen": 151441, "throughput_tokens": 1143.8682329347157, "throughput_examples": 2.0536233984465273, "throughput_batches": 2.0536233984465273}