{"eval_perplexity": 12.59618091583252, "_timestamp": 1717274623.759196, "rank_reduction": 48.37897164481027, "trainable_params_count": 1191.374592, "total_param_count": 4543.672064, "_runtime": 5780.318625926971, "_step": 3198, "loss": 2.3854026794433594, "lr": 4.1623055629040766e-05, "update_step": 3198, "tokens_seen": 1290406, "throughput_tokens": 490.68270470039505, "throughput_examples": 2.070391159073397, "throughput_batches": 2.070391159073397}